Part Number,Quantity,Description
2320886,792,
2750201,60,
2896646,983,
2346568,56,
9406549,100,
2426215,173,
2426218,56,
2426211,56,
2677464,300,
2471194,155,
2426212,50,
2834923,50,
2724423,56,
2695161,461,
1100192,158,
1100138,310,
1100234,100,
1100206,100,
1100226,100,
1100137,331,
1100164,50,
1100204,50,
1100176,385,
1100246,56,
1100218,112,
1100183,167,
1100156,55,
1077155,55,
2065857,50,
2842970,50,
2564200,56,
9758500,50,
1439484,50,
1100159,42,
1100199,10,
9452397,10,
1175677,20,
2781769,5,
2896606,4,
